{
  "project_info": {
    "project_number": "301195313198",
    "project_id": "travelgo-f522f",
    "storage_bucket": "travelgo-f522f.firebasestorage.app"
  },
  "client": [
    {
      "client_info": {
        "mobilesdk_app_id": "1:301195313198:android:bf007e1c00eaff7b4e9fbf",
        "android_client_info": {
          "package_name": "com.sanchi.travelgo"
        }
      },
      "oauth_client": [],
      "api_key": [
        {
          "current_key": "AIzaSyBu73OkVhXUwzytsrE4KBIUdm8bO2UcY4k"
        }
      ],
      "services": {
        "appinvite_service": {
          "other_platform_oauth_client": []
        }
      }
    }
  ],
  "configuration_version": "1"
}